FileName,Sequence number,Primal emotion,Primal emotion value,Calmness value,Anger value,Joy value,Sadness value,Energy Point,Time,Starting time of the talk,End time of the talk,Channel,Status
C:\Users\timot\Music\EVGB-input-converted\0988_wav_channel2.wav,1,2,10,0,10,7,1,20,2022/12/28/14:05:29,00:00:01.0,00:00:01.4,2,OK
C:\Users\timot\Music\EVGB-input-converted\0988_wav_channel2.wav,2,3,7,2,2,7,2,20,2022/12/28/14:05:29,00:00:02.1,00:00:03.6,2,OK
C:\Users\timot\Music\EVGB-input-converted\0988_wav_channel2.wav,3,3,10,2,1,10,4,12,2022/12/28/14:05:29,00:00:04.7,00:00:05.2,2,OK
C:\Users\timot\Music\EVGB-input-converted\0988_wav_channel2.wav,4,3,10,2,3,10,0,20,2022/12/28/14:05:29,00:00:05.5,00:00:08.9,2,OK
C:\Users\timot\Music\EVGB-input-converted\0988_wav_channel2.wav,5,3,10,2,2,10,2,20,2022/12/28/14:05:29,00:00:09.9,00:00:11.6,2,OK
C:\Users\timot\Music\EVGB-input-converted\0988_wav_channel2.wav,6,2,10,2,10,10,0,20,2022/12/28/14:05:29,00:00:12.6,00:00:13.1,2,OK
C:\Users\timot\Music\EVGB-input-converted\0988_wav_channel2.wav,7,3,10,2,2,10,2,20,2022/12/28/14:05:29,00:00:14.0,00:00:17.7,2,OK
C:\Users\timot\Music\EVGB-input-converted\0988_wav_channel2.wav,8,3,7,2,2,7,4,20,2022/12/28/14:05:29,00:00:18.0,00:00:20.0,2,OK
C:\Users\timot\Music\EVGB-input-converted\0988_wav_channel2.wav,9,2,10,2,10,10,0,20,2022/12/28/14:05:29,00:00:20.9,00:00:25.3,2,OK
C:\Users\timot\Music\EVGB-input-converted\0988_wav_channel2.wav,10,3,10,2,2,10,0,20,2022/12/28/14:05:29,00:00:27.2,00:00:28.2,2,OK
C:\Users\timot\Music\EVGB-input-converted\0988_wav_channel2.wav,11,3,10,2,3,10,0,20,2022/12/28/14:05:29,00:00:29.9,00:00:31.1,2,OK
C:\Users\timot\Music\EVGB-input-converted\0988_wav_channel2.wav,12,3,7,2,3,7,0,20,2022/12/28/14:05:29,00:00:32.2,00:00:32.8,2,OK
C:\Users\timot\Music\EVGB-input-converted\0988_wav_channel2.wav,13,2,10,0,10,7,1,20,2022/12/28/14:05:29,00:00:35.7,00:00:37.3,2,OK
C:\Users\timot\Music\EVGB-input-converted\0988_wav_channel2.wav,14,2,10,2,10,7,1,20,2022/12/28/14:05:29,00:00:38.5,00:00:40.1,2,OK
C:\Users\timot\Music\EVGB-input-converted\0988_wav_channel2.wav,15,2,10,2,10,10,0,20,2022/12/28/14:05:29,00:00:42.6,00:00:45.2,2,OK
C:\Users\timot\Music\EVGB-input-converted\0988_wav_channel2.wav,16,3,7,2,1,7,0,20,2022/12/28/14:05:29,00:00:45.8,00:00:46.6,2,OK
C:\Users\timot\Music\EVGB-input-converted\0988_wav_channel2.wav,17,3,10,2,3,10,1,20,2022/12/28/14:05:29,00:00:47.1,00:00:49.2,2,OK
C:\Users\timot\Music\EVGB-input-converted\0988_wav_channel2.wav,18,2,10,2,10,7,1,20,2022/12/28/14:05:29,00:00:50.2,00:00:50.6,2,OK
C:\Users\timot\Music\EVGB-input-converted\0988_wav_channel2.wav,19,2,3,2,3,2,1,20,2022/12/28/14:05:29,00:00:54.0,00:00:55.4,2,OK
C:\Users\timot\Music\EVGB-input-converted\0988_wav_channel2.wav,20,3,10,4,2,10,3,6,2022/12/28/14:05:29,00:00:55.8,00:00:56.5,2,OK
C:\Users\timot\Music\EVGB-input-converted\0988_wav_channel2.wav,21,2,10,2,10,7,1,20,2022/12/28/14:05:29,00:00:58.2,00:00:58.7,2,OK
C:\Users\timot\Music\EVGB-input-converted\0988_wav_channel2.wav,22,3,7,2,2,7,0,20,2022/12/28/14:05:29,00:01:01.2,00:01:02.3,2,OK
C:\Users\timot\Music\EVGB-input-converted\0988_wav_channel2.wav,23,3,7,1,2,7,3,18,2022/12/28/14:05:29,00:01:03.8,00:01:04.1,2,OK
C:\Users\timot\Music\EVGB-input-converted\0988_wav_channel2.wav,24,3,10,2,3,10,0,20,2022/12/28/14:05:29,00:01:04.7,00:01:08.3,2,OK
C:\Users\timot\Music\EVGB-input-converted\0988_wav_channel2.wav,25,3,10,2,3,10,0,20,2022/12/28/14:05:29,00:01:08.8,00:01:09.9,2,OK
C:\Users\timot\Music\EVGB-input-converted\0988_wav_channel2.wav,26,3,7,4,2,7,4,20,2022/12/28/14:05:29,00:01:11.5,00:01:13.9,2,OK
C:\Users\timot\Music\EVGB-input-converted\0988_wav_channel2.wav,27,3,10,2,2,10,2,20,2022/12/28/14:05:29,00:01:15.0,00:01:18.6,2,OK
C:\Users\timot\Music\EVGB-input-converted\0988_wav_channel2.wav,28,3,7,2,2,7,4,12,2022/12/28/14:05:29,00:01:20.9,00:01:21.2,2,OK
C:\Users\timot\Music\EVGB-input-converted\0988_wav_channel2.wav,29,3,7,2,3,7,1,20,2022/12/28/14:05:29,00:01:22.3,00:01:25.2,2,OK
C:\Users\timot\Music\EVGB-input-converted\0988_wav_channel2.wav,30,3,7,1,1,7,3,20,2022/12/28/14:05:29,00:01:26.1,00:01:26.5,2,OK
C:\Users\timot\Music\EVGB-input-converted\0988_wav_channel2.wav,31,2,3,2,3,2,1,20,2022/12/28/14:05:29,00:01:28.2,00:01:29.8,2,OK
C:\Users\timot\Music\EVGB-input-converted\0988_wav_channel2.wav,32,3,10,4,2,10,4,20,2022/12/28/14:05:29,00:01:32.0,00:01:34.4,2,OK
C:\Users\timot\Music\EVGB-input-converted\0988_wav_channel2.wav,33,2,7,2,7,7,1,20,2022/12/28/14:05:29,00:01:34.7,00:01:37.9,2,OK
C:\Users\timot\Music\EVGB-input-converted\0988_wav_channel2.wav,34,2,10,2,10,10,1,20,2022/12/28/14:05:29,00:01:38.5,00:01:39.2,2,OK
C:\Users\timot\Music\EVGB-input-converted\0988_wav_channel2.wav,35,3,10,2,2,10,0,20,2022/12/28/14:05:29,00:01:41.6,00:01:43.2,2,OK
C:\Users\timot\Music\EVGB-input-converted\0988_wav_channel2.wav,36,2,10,2,10,7,0,20,2022/12/28/14:05:29,00:01:45.4,00:01:46.0,2,OK
C:\Users\timot\Music\EVGB-input-converted\0988_wav_channel2.wav,37,3,10,0,2,10,9,20,2022/12/28/14:05:29,00:01:47.2,00:01:48.0,2,OK
C:\Users\timot\Music\EVGB-input-converted\0988_wav_channel2.wav,38,3,7,2,3,7,1,20,2022/12/28/14:05:29,00:01:48.4,00:01:48.8,2,OK
C:\Users\timot\Music\EVGB-input-converted\0988_wav_channel2.wav,39,3,10,2,3,10,0,20,2022/12/28/14:05:29,00:01:49.5,00:01:51.4,2,OK
C:\Users\timot\Music\EVGB-input-converted\0988_wav_channel2.wav,40,3,10,2,3,10,0,20,2022/12/28/14:05:29,00:01:52.0,00:01:52.7,2,OK
C:\Users\timot\Music\EVGB-input-converted\0988_wav_channel2.wav,41,3,10,2,1,10,2,20,2022/12/28/14:05:29,00:01:53.5,00:01:55.2,2,OK
C:\Users\timot\Music\EVGB-input-converted\0988_wav_channel2.wav,42,3,10,2,3,10,0,20,2022/12/28/14:05:29,00:01:55.5,00:01:56.5,2,OK
C:\Users\timot\Music\EVGB-input-converted\0988_wav_channel2.wav,43,3,7,2,3,7,1,20,2022/12/28/14:05:29,00:01:58.2,00:02:00.3,2,OK
C:\Users\timot\Music\EVGB-input-converted\0988_wav_channel2.wav,44,3,10,2,3,10,1,20,2022/12/28/14:05:29,00:02:02.5,00:02:03.1,2,OK
C:\Users\timot\Music\EVGB-input-converted\0988_wav_channel2.wav,45,2,10,2,10,7,1,20,2022/12/28/14:05:29,00:02:04.8,00:02:05.2,2,OK
C:\Users\timot\Music\EVGB-input-converted\0988_wav_channel2.wav,46,2,10,2,10,7,1,20,2022/12/28/14:05:29,00:02:06.6,00:02:08.2,2,OK
C:\Users\timot\Music\EVGB-input-converted\0988_wav_channel2.wav,47,3,10,2,1,10,4,20,2022/12/28/14:05:29,00:02:09.9,00:02:10.5,2,OK
C:\Users\timot\Music\EVGB-input-converted\0988_wav_channel2.wav,48,2,10,2,10,10,0,20,2022/12/28/14:05:29,00:02:11.0,00:02:11.8,2,OK
C:\Users\timot\Music\EVGB-input-converted\0988_wav_channel2.wav,49,3,7,2,3,7,0,20,2022/12/28/14:05:29,00:02:14.3,00:02:15.3,2,OK
C:\Users\timot\Music\EVGB-input-converted\0988_wav_channel2.wav,50,2,10,2,10,10,1,20,2022/12/28/14:05:29,00:02:17.3,00:02:17.8,2,OK
C:\Users\timot\Music\EVGB-input-converted\0988_wav_channel2.wav,51,2,10,2,10,10,1,20,2022/12/28/14:05:29,00:02:19.6,00:02:22.4,2,OK
C:\Users\timot\Music\EVGB-input-converted\0988_wav_channel2.wav,52,2,10,2,10,7,1,20,2022/12/28/14:05:29,00:02:23.0,00:02:23.8,2,OK
C:\Users\timot\Music\EVGB-input-converted\0988_wav_channel2.wav,53,3,7,2,1,7,4,19,2022/12/28/14:05:29,00:02:24.3,00:02:25.5,2,OK
C:\Users\timot\Music\EVGB-input-converted\0988_wav_channel2.wav,54,2,10,2,10,10,0,20,2022/12/28/14:05:29,00:02:26.3,00:02:30.7,2,OK
C:\Users\timot\Music\EVGB-input-converted\0988_wav_channel2.wav,55,3,10,2,3,10,0,20,2022/12/28/14:05:29,00:02:32.3,00:02:32.8,2,OK
C:\Users\timot\Music\EVGB-input-converted\0988_wav_channel2.wav,56,3,7,2,3,7,1,20,2022/12/28/14:05:29,00:02:33.9,00:02:34.2,2,OK
C:\Users\timot\Music\EVGB-input-converted\0988_wav_channel2.wav,57,3,10,2,1,10,4,20,2022/12/28/14:05:29,00:02:34.6,00:02:35.2,2,OK
C:\Users\timot\Music\EVGB-input-converted\0988_wav_channel2.wav,58,3,7,2,3,7,1,20,2022/12/28/14:05:29,00:02:35.6,00:02:36.9,2,OK
C:\Users\timot\Music\EVGB-input-converted\0988_wav_channel2.wav,59,2,10,2,10,7,1,20,2022/12/28/14:05:29,00:02:37.3,00:02:41.5,2,OK
C:\Users\timot\Music\EVGB-input-converted\0988_wav_channel2.wav,60,3,10,1,2,10,9,20,2022/12/28/14:05:29,00:02:42.3,00:02:42.8,2,OK
C:\Users\timot\Music\EVGB-input-converted\0988_wav_channel2.wav,61,3,10,2,3,10,0,20,2022/12/28/14:05:29,00:02:43.8,00:02:45.2,2,OK
C:\Users\timot\Music\EVGB-input-converted\0988_wav_channel2.wav,62,3,7,2,1,7,3,7,2022/12/28/14:05:29,00:02:46.1,00:02:46.4,2,OK
C:\Users\timot\Music\EVGB-input-converted\0988_wav_channel2.wav,63,3,7,0,2,7,2,20,2022/12/28/14:05:29,00:02:47.5,00:02:50.8,2,OK
C:\Users\timot\Music\EVGB-input-converted\0988_wav_channel2.wav,64,3,10,2,2,10,4,20,2022/12/28/14:05:29,00:02:51.4,00:02:52.1,2,OK
C:\Users\timot\Music\EVGB-input-converted\0988_wav_channel2.wav,65,3,10,2,2,10,0,20,2022/12/28/14:05:29,00:02:52.9,00:02:53.4,2,OK
C:\Users\timot\Music\EVGB-input-converted\0988_wav_channel2.wav,66,3,10,2,2,10,4,20,2022/12/28/14:05:29,00:02:54.4,00:02:54.9,2,OK
C:\Users\timot\Music\EVGB-input-converted\0988_wav_channel2.wav,67,3,10,2,2,10,2,20,2022/12/28/14:05:29,00:02:55.6,00:02:58.5,2,OK
C:\Users\timot\Music\EVGB-input-converted\0988_wav_channel2.wav,68,1,2,2,1,2,2,20,2022/12/28/14:05:29,00:02:59.5,00:03:00.6,2,OK
C:\Users\timot\Music\EVGB-input-converted\0988_wav_channel2.wav,69,3,10,2,7,10,1,20,2022/12/28/14:05:29,00:03:02.7,00:03:05.5,2,OK
C:\Users\timot\Music\EVGB-input-converted\0988_wav_channel2.wav,70,3,10,9,1,10,4,20,2022/12/28/14:05:29,00:03:06.5,00:03:07.0,2,OK
C:\Users\timot\Music\EVGB-input-converted\0988_wav_channel2.wav,71,2,10,2,10,10,0,20,2022/12/28/14:05:29,00:03:07.4,00:03:08.6,2,OK
C:\Users\timot\Music\EVGB-input-converted\0988_wav_channel2.wav,72,2,10,2,10,10,0,20,2022/12/28/14:05:29,00:03:09.6,00:03:10.1,2,OK
C:\Users\timot\Music\EVGB-input-converted\0988_wav_channel2.wav,73,2,10,2,10,7,0,20,2022/12/28/14:05:29,00:03:11.7,00:03:13.4,2,OK
C:\Users\timot\Music\EVGB-input-converted\0988_wav_channel2.wav,74,2,10,2,10,7,1,20,2022/12/28/14:05:29,00:03:15.4,00:03:16.0,2,OK
C:\Users\timot\Music\EVGB-input-converted\0988_wav_channel2.wav,75,3,10,2,2,10,4,20,2022/12/28/14:05:29,00:03:16.4,00:03:17.1,2,OK
C:\Users\timot\Music\EVGB-input-converted\0988_wav_channel2.wav,76,2,10,2,10,10,0,20,2022/12/28/14:05:29,00:03:17.4,00:03:18.7,2,OK
C:\Users\timot\Music\EVGB-input-converted\0988_wav_channel2.wav,77,3,10,4,2,10,4,20,2022/12/28/14:05:29,00:03:19.2,00:03:20.4,2,OK
C:\Users\timot\Music\EVGB-input-converted\0988_wav_channel2.wav,78,3,10,0,1,10,2,20,2022/12/28/14:05:29,00:03:21.5,00:03:23.2,2,OK
C:\Users\timot\Music\EVGB-input-converted\0988_wav_channel2.wav,79,3,10,2,2,10,1,20,2022/12/28/14:05:29,00:03:24.3,00:03:25.1,2,OK
C:\Users\timot\Music\EVGB-input-converted\0988_wav_channel2.wav,80,1,10,10,1,10,4,20,2022/12/28/14:05:29,00:03:26.2,00:03:26.8,2,OK
C:\Users\timot\Music\EVGB-input-converted\0988_wav_channel2.wav,81,3,7,2,3,7,1,20,2022/12/28/14:05:29,00:03:28.4,00:03:29.8,2,OK
C:\Users\timot\Music\EVGB-input-converted\0988_wav_channel2.wav,82,3,7,2,2,7,3,-20,2022/12/28/14:05:29,00:03:30.1,00:03:30.4,2,OK
C:\Users\timot\Music\EVGB-input-converted\0988_wav_channel2.wav,83,2,10,2,10,10,0,20,2022/12/28/14:05:29,00:03:30.7,00:03:35.8,2,OK
C:\Users\timot\Music\EVGB-input-converted\0988_wav_channel2.wav,84,3,10,7,2,10,4,20,2022/12/28/14:05:29,00:03:38.5,00:03:41.5,2,OK
C:\Users\timot\Music\EVGB-input-converted\0988_wav_channel2.wav,85,3,10,2,2,10,2,20,2022/12/28/14:05:29,00:03:42.0,00:03:44.4,2,OK
C:\Users\timot\Music\EVGB-input-converted\0988_wav_channel2.wav,86,3,10,2,2,10,9,18,2022/12/28/14:05:29,00:03:44.8,00:03:46.0,2,OK
C:\Users\timot\Music\EVGB-input-converted\0988_wav_channel2.wav,87,2,10,0,10,7,1,20,2022/12/28/14:05:29,00:03:46.4,00:03:46.8,2,OK
C:\Users\timot\Music\EVGB-input-converted\0988_wav_channel2.wav,88,3,7,4,1,7,3,20,2022/12/28/14:05:29,00:03:48.1,00:03:48.5,2,OK
C:\Users\timot\Music\EVGB-input-converted\0988_wav_channel2.wav,89,3,7,2,1,7,2,20,2022/12/28/14:05:29,00:03:48.9,00:03:49.3,2,OK
C:\Users\timot\Music\EVGB-input-converted\0988_wav_channel2.wav,90,3,10,4,2,10,2,20,2022/12/28/14:05:29,00:03:50.9,00:03:52.2,2,OK
C:\Users\timot\Music\EVGB-input-converted\0988_wav_channel2.wav,91,3,7,2,2,7,4,20,2022/12/28/14:05:29,00:03:52.7,00:03:57.9,2,OK
C:\Users\timot\Music\EVGB-input-converted\0988_wav_channel2.wav,92,3,10,4,2,10,2,20,2022/12/28/14:05:29,00:03:59.5,00:04:00.2,2,OK
C:\Users\timot\Music\EVGB-input-converted\0988_wav_channel2.wav,93,3,10,2,1,10,2,20,2022/12/28/14:05:29,00:04:01.5,00:04:02.0,2,OK
C:\Users\timot\Music\EVGB-input-converted\0988_wav_channel2.wav,94,3,10,2,2,10,2,20,2022/12/28/14:05:29,00:04:03.4,00:04:05.2,2,OK
C:\Users\timot\Music\EVGB-input-converted\0988_wav_channel2.wav,95,3,7,2,1,7,0,20,2022/12/28/14:05:29,00:04:05.9,00:04:07.3,2,OK
C:\Users\timot\Music\EVGB-input-converted\0988_wav_channel2.wav,96,4,10,2,1,7,10,-20,2022/12/28/14:05:29,00:04:11.1,00:04:11.4,2,OK
C:\Users\timot\Music\EVGB-input-converted\0988_wav_channel2.wav,97,2,10,2,10,10,1,20,2022/12/28/14:05:29,00:04:13.6,00:04:15.3,2,OK
C:\Users\timot\Music\EVGB-input-converted\0988_wav_channel2.wav,98,2,10,2,10,10,0,20,2022/12/28/14:05:29,00:04:16.3,00:04:18.3,2,OK
C:\Users\timot\Music\EVGB-input-converted\0988_wav_channel2.wav,99,3,10,2,2,10,2,20,2022/12/28/14:05:29,00:04:21.2,00:04:21.9,2,OK
C:\Users\timot\Music\EVGB-input-converted\0988_wav_channel2.wav,100,3,10,2,2,10,0,20,2022/12/28/14:05:29,00:04:24.6,00:04:25.4,2,OK
C:\Users\timot\Music\EVGB-input-converted\0988_wav_channel2.wav,101,3,7,2,1,7,2,20,2022/12/28/14:05:29,00:04:25.8,00:04:26.1,2,OK
C:\Users\timot\Music\EVGB-input-converted\0988_wav_channel2.wav,102,3,7,2,2,7,2,20,2022/12/28/14:05:29,00:04:26.9,00:04:27.7,2,OK
C:\Users\timot\Music\EVGB-input-converted\0988_wav_channel2.wav,103,3,7,2,1,7,2,20,2022/12/28/14:05:29,00:04:28.0,00:04:29.1,2,OK
C:\Users\timot\Music\EVGB-input-converted\0988_wav_channel2.wav,104,3,7,2,1,7,2,20,2022/12/28/14:05:29,00:04:29.9,00:04:30.3,2,OK
C:\Users\timot\Music\EVGB-input-converted\0988_wav_channel2.wav,105,3,10,2,1,10,2,20,2022/12/28/14:05:29,00:04:31.3,00:04:31.8,2,OK
C:\Users\timot\Music\EVGB-input-converted\0988_wav_channel2.wav,106,2,3,2,3,2,1,20,2022/12/28/14:05:29,00:04:34.8,00:04:37.9,2,OK
C:\Users\timot\Music\EVGB-input-converted\0988_wav_channel2.wav,107,2,10,2,10,10,1,20,2022/12/28/14:05:29,00:04:39.9,00:04:46.5,2,OK
C:\Users\timot\Music\EVGB-input-converted\0988_wav_channel2.wav,108,3,7,2,1,7,4,20,2022/12/28/14:05:29,00:04:46.8,00:04:47.4,2,OK
C:\Users\timot\Music\EVGB-input-converted\0988_wav_channel2.wav,109,3,10,2,2,10,4,20,2022/12/28/14:05:29,00:04:47.8,00:04:49.2,2,OK
C:\Users\timot\Music\EVGB-input-converted\0988_wav_channel2.wav,110,2,10,2,10,7,1,20,2022/12/28/14:05:29,00:04:50.3,00:04:51.5,2,OK
C:\Users\timot\Music\EVGB-input-converted\0988_wav_channel2.wav,111,3,10,2,1,10,2,20,2022/12/28/14:05:29,00:04:52.7,00:04:53.6,2,OK
C:\Users\timot\Music\EVGB-input-converted\0988_wav_channel2.wav,112,3,10,2,3,10,0,20,2022/12/28/14:05:29,00:04:54.1,00:04:56.3,2,OK
C:\Users\timot\Music\EVGB-input-converted\0988_wav_channel2.wav,113,2,7,2,7,7,2,20,2022/12/28/14:05:29,00:04:59.0,00:05:01.6,2,OK
C:\Users\timot\Music\EVGB-input-converted\0988_wav_channel2.wav,114,3,7,2,1,7,4,20,2022/12/28/14:05:29,00:05:03.3,00:05:03.7,2,OK
C:\Users\timot\Music\EVGB-input-converted\0988_wav_channel2.wav,115,3,10,2,1,10,4,20,2022/12/28/14:05:29,00:05:05.7,00:05:07.0,2,OK
C:\Users\timot\Music\EVGB-input-converted\0988_wav_channel2.wav,116,3,10,2,1,10,4,18,2022/12/28/14:05:29,00:05:08.3,00:05:08.8,2,OK
C:\Users\timot\Music\EVGB-input-converted\0988_wav_channel2.wav,117,3,7,2,1,7,4,-6,2022/12/28/14:05:29,00:05:09.7,00:05:10.0,2,OK
C:\Users\timot\Music\EVGB-input-converted\0988_wav_channel2.wav,118,3,7,2,1,7,4,17,2022/12/28/14:05:29,00:05:10.3,00:05:10.6,2,OK
C:\Users\timot\Music\EVGB-input-converted\0988_wav_channel2.wav,119,3,10,0,2,10,9,20,2022/12/28/14:05:29,00:05:12.0,00:05:13.0,2,OK
C:\Users\timot\Music\EVGB-input-converted\0988_wav_channel2.wav,120,3,10,2,1,10,4,0,2022/12/28/14:05:29,00:05:14.6,00:05:15.7,2,OK
C:\Users\timot\Music\EVGB-input-converted\0988_wav_channel2.wav,121,3,10,2,1,10,4,20,2022/12/28/14:05:29,00:05:18.5,00:05:19.0,2,OK
C:\Users\timot\Music\EVGB-input-converted\0988_wav_channel2.wav,122,3,10,2,2,10,4,18,2022/12/28/14:05:29,00:05:21.8,00:05:23.4,2,OK
C:\Users\timot\Music\EVGB-input-converted\0988_wav_channel2.wav,123,3,10,0,2,10,9,20,2022/12/28/14:05:29,00:05:23.9,00:05:24.6,2,OK
C:\Users\timot\Music\EVGB-input-converted\0988_wav_channel2.wav,124,3,10,2,2,10,4,18,2022/12/28/14:05:29,00:05:24.9,00:05:25.6,2,OK
C:\Users\timot\Music\EVGB-input-converted\0988_wav_channel2.wav,125,3,7,2,1,7,2,20,2022/12/28/14:05:29,00:05:27.3,00:05:27.8,2,OK
C:\Users\timot\Music\EVGB-input-converted\0988_wav_channel2.wav,126,3,7,4,2,7,4,20,2022/12/28/14:05:29,00:05:29.5,00:05:31.9,2,OK
C:\Users\timot\Music\EVGB-input-converted\0988_wav_channel2.wav,127,2,10,2,10,10,0,20,2022/12/28/14:05:29,00:05:34.6,00:05:36.5,2,OK
C:\Users\timot\Music\EVGB-input-converted\0988_wav_channel2.wav,128,3,10,2,1,10,4,20,2022/12/28/14:05:29,00:05:38.7,00:05:40.2,2,OK
C:\Users\timot\Music\EVGB-input-converted\0988_wav_channel2.wav,129,3,7,2,1,7,2,19,2022/12/28/14:05:29,00:05:41.6,00:05:42.1,2,OK
C:\Users\timot\Music\EVGB-input-converted\0988_wav_channel2.wav,130,3,7,2,1,7,0,20,2022/12/28/14:05:29,00:05:42.7,00:05:43.7,2,OK
C:\Users\timot\Music\EVGB-input-converted\0988_wav_channel2.wav,131,1,2,2,2,2,2,20,2022/12/28/14:05:29,00:05:47.5,00:05:50.0,2,OK
C:\Users\timot\Music\EVGB-input-converted\0988_wav_channel2.wav,132,3,7,2,1,7,2,20,2022/12/28/14:05:29,00:05:50.5,00:05:51.1,2,OK
C:\Users\timot\Music\EVGB-input-converted\0988_wav_channel2.wav,133,3,7,0,2,7,3,20,2022/12/28/14:05:29,00:05:52.3,00:05:52.7,2,OK
C:\Users\timot\Music\EVGB-input-converted\0988_wav_channel2.wav,134,3,10,4,1,10,4,20,2022/12/28/14:05:29,00:05:53.1,00:05:54.1,2,OK
C:\Users\timot\Music\EVGB-input-converted\0988_wav_channel2.wav,135,3,7,2,1,7,2,20,2022/12/28/14:05:29,00:05:54.6,00:05:55.4,2,OK
C:\Users\timot\Music\EVGB-input-converted\0988_wav_channel2.wav,136,2,10,2,10,2,1,20,2022/12/28/14:05:29,00:05:57.2,00:05:59.9,2,OK
C:\Users\timot\Music\EVGB-input-converted\0988_wav_channel2.wav,137,3,10,2,1,10,4,20,2022/12/28/14:05:29,00:06:01.6,00:06:02.9,2,OK
C:\Users\timot\Music\EVGB-input-converted\0988_wav_channel2.wav,138,3,7,4,1,7,3,14,2022/12/28/14:05:29,00:06:04.8,00:06:05.3,2,OK
C:\Users\timot\Music\EVGB-input-converted\0988_wav_channel2.wav,139,3,10,4,2,10,9,20,2022/12/28/14:05:29,00:06:06.5,00:06:07.5,2,OK
C:\Users\timot\Music\EVGB-input-converted\0988_wav_channel2.wav,140,3,10,2,2,10,2,20,2022/12/28/14:05:29,00:06:09.1,00:06:09.8,2,OK
C:\Users\timot\Music\EVGB-input-converted\0988_wav_channel2.wav,141,3,7,4,2,7,4,20,2022/12/28/14:05:29,00:06:10.3,00:06:13.5,2,OK
C:\Users\timot\Music\EVGB-input-converted\0988_wav_channel2.wav,142,3,10,2,2,10,4,20,2022/12/28/14:05:29,00:06:14.3,00:06:16.9,2,OK
C:\Users\timot\Music\EVGB-input-converted\0988_wav_channel2.wav,143,3,10,2,1,10,2,20,2022/12/28/14:05:29,00:06:17.4,00:06:18.4,2,OK
C:\Users\timot\Music\EVGB-input-converted\0988_wav_channel2.wav,144,3,10,1,1,10,3,6,2022/12/28/14:05:29,00:06:18.8,00:06:19.4,2,OK
C:\Users\timot\Music\EVGB-input-converted\0988_wav_channel2.wav,145,3,7,2,1,7,2,20,2022/12/28/14:05:29,00:06:21.7,00:06:22.1,2,OK
C:\Users\timot\Music\EVGB-input-converted\0988_wav_channel2.wav,146,2,7,2,7,7,2,20,2022/12/28/14:05:29,00:06:22.8,00:06:26.5,2,OK
C:\Users\timot\Music\EVGB-input-converted\0988_wav_channel2.wav,147,2,10,2,10,10,0,20,2022/12/28/14:05:29,00:06:27.5,00:06:29.1,2,OK
C:\Users\timot\Music\EVGB-input-converted\0988_wav_channel2.wav,148,3,7,2,2,7,4,11,2022/12/28/14:05:29,00:06:31.3,00:06:33.6,2,OK
C:\Users\timot\Music\EVGB-input-converted\0988_wav_channel2.wav,149,3,7,2,2,7,4,20,2022/12/28/14:05:29,00:06:35.4,00:06:37.6,2,OK
C:\Users\timot\Music\EVGB-input-converted\0988_wav_channel2.wav,150,3,7,2,2,7,4,20,2022/12/28/14:05:29,00:06:38.1,00:06:38.4,2,OK
C:\Users\timot\Music\EVGB-input-converted\0988_wav_channel2.wav,151,3,10,0,7,10,1,20,2022/12/28/14:05:29,00:06:39.1,00:06:41.3,2,OK
C:\Users\timot\Music\EVGB-input-converted\0988_wav_channel2.wav,152,3,7,2,1,7,4,15,2022/12/28/14:05:29,00:06:42.0,00:06:42.3,2,OK
C:\Users\timot\Music\EVGB-input-converted\0988_wav_channel2.wav,153,3,7,2,1,7,4,20,2022/12/28/14:05:29,00:06:42.9,00:06:43.3,2,OK
C:\Users\timot\Music\EVGB-input-converted\0988_wav_channel2.wav,154,3,7,2,3,7,0,20,2022/12/28/14:05:29,00:06:44.8,00:06:46.0,2,OK
C:\Users\timot\Music\EVGB-input-converted\0988_wav_channel2.wav,155,3,7,2,3,7,1,20,2022/12/28/14:05:29,00:06:47.4,00:06:48.3,2,OK
C:\Users\timot\Music\EVGB-input-converted\0988_wav_channel2.wav,156,2,10,2,10,7,1,20,2022/12/28/14:05:29,00:06:50.1,00:06:51.8,2,OK
C:\Users\timot\Music\EVGB-input-converted\0988_wav_channel2.wav,157,3,7,1,2,7,3,-2,2022/12/28/14:05:29,00:06:53.1,00:06:53.4,2,OK
C:\Users\timot\Music\EVGB-input-converted\0988_wav_channel2.wav,158,3,10,2,1,10,4,20,2022/12/28/14:05:29,00:06:55.8,00:06:56.3,2,OK
C:\Users\timot\Music\EVGB-input-converted\0988_wav_channel2.wav,159,3,10,2,1,10,2,20,2022/12/28/14:05:29,00:06:58.3,00:06:58.9,2,OK
C:\Users\timot\Music\EVGB-input-converted\0988_wav_channel2.wav,160,3,7,2,2,7,1,20,2022/12/28/14:05:29,00:06:59.7,00:07:00.1,2,OK
C:\Users\timot\Music\EVGB-input-converted\0988_wav_channel2.wav,161,3,7,2,1,7,2,20,2022/12/28/14:05:29,00:07:00.9,00:07:01.4,2,OK
C:\Users\timot\Music\EVGB-input-converted\0988_wav_channel2.wav,162,3,7,2,1,7,4,20,2022/12/28/14:05:29,00:07:03.1,00:07:04.7,2,OK
C:\Users\timot\Music\EVGB-input-converted\0988_wav_channel2.wav,163,3,7,2,1,7,4,20,2022/12/28/14:05:29,00:07:05.5,00:07:07.2,2,OK
C:\Users\timot\Music\EVGB-input-converted\0988_wav_channel2.wav,164,3,7,2,1,7,4,17,2022/12/28/14:05:29,00:07:07.5,00:07:08.1,2,OK
C:\Users\timot\Music\EVGB-input-converted\0988_wav_channel2.wav,165,3,7,2,1,7,4,20,2022/12/28/14:05:29,00:07:08.8,00:07:09.4,2,OK
C:\Users\timot\Music\EVGB-input-converted\0988_wav_channel2.wav,166,3,7,2,1,7,4,11,2022/12/28/14:05:29,00:07:11.0,00:07:11.8,2,OK
C:\Users\timot\Music\EVGB-input-converted\0988_wav_channel2.wav,167,3,7,2,1,7,4,16,2022/12/28/14:05:29,00:07:14.2,00:07:14.8,2,OK
C:\Users\timot\Music\EVGB-input-converted\0988_wav_channel2.wav,168,3,7,2,1,7,4,-20,2022/12/28/14:05:29,00:07:16.5,00:07:17.0,2,OK
C:\Users\timot\Music\EVGB-input-converted\0988_wav_channel2.wav,169,4,4,2,1,2,4,20,2022/12/28/14:05:29,00:07:20.3,00:07:20.8,2,OK
C:\Users\timot\Music\EVGB-input-converted\0988_wav_channel2.wav,170,2,7,2,7,7,1,20,2022/12/28/14:05:29,00:07:24.2,00:07:27.3,2,OK
C:\Users\timot\Music\EVGB-input-converted\0988_wav_channel2.wav,171,3,10,2,2,10,4,16,2022/12/28/14:05:29,00:07:28.7,00:07:31.5,2,OK
C:\Users\timot\Music\EVGB-input-converted\0988_wav_channel2.wav,172,3,10,2,2,10,2,20,2022/12/28/14:05:29,00:07:31.9,00:07:34.1,2,OK
C:\Users\timot\Music\EVGB-input-converted\0988_wav_channel2.wav,173,3,10,2,2,10,2,20,2022/12/28/14:05:29,00:07:37.2,00:07:39.4,2,OK
C:\Users\timot\Music\EVGB-input-converted\0988_wav_channel2.wav,174,3,10,2,1,10,2,20,2022/12/28/14:05:29,00:07:41.0,00:07:42.2,2,OK
C:\Users\timot\Music\EVGB-input-converted\0988_wav_channel2.wav,175,3,7,2,1,7,2,20,2022/12/28/14:05:29,00:07:44.8,00:07:45.3,2,OK
C:\Users\timot\Music\EVGB-input-converted\0988_wav_channel2.wav,176,3,7,1,2,7,3,20,2022/12/28/14:05:29,00:07:47.1,00:07:47.5,2,OK
C:\Users\timot\Music\EVGB-input-converted\0988_wav_channel2.wav,177,3,7,2,2,7,4,12,2022/12/28/14:05:29,00:07:49.2,00:07:49.7,2,OK
C:\Users\timot\Music\EVGB-input-converted\0988_wav_channel2.wav,178,3,7,2,1,7,4,20,2022/12/28/14:05:29,00:07:51.2,00:07:51.5,2,OK
C:\Users\timot\Music\EVGB-input-converted\0988_wav_channel2.wav,179,2,10,2,10,7,1,20,2022/12/28/14:05:29,00:07:52.4,00:07:54.8,2,OK
C:\Users\timot\Music\EVGB-input-converted\0988_wav_channel2.wav,180,3,10,2,1,10,4,20,2022/12/28/14:05:29,00:07:55.1,00:07:56.7,2,OK
C:\Users\timot\Music\EVGB-input-converted\0988_wav_channel2.wav,181,3,7,2,3,7,0,20,2022/12/28/14:05:29,00:07:57.4,00:07:59.8,2,OK
C:\Users\timot\Music\EVGB-input-converted\0988_wav_channel2.wav,182,4,4,2,1,2,4,20,2022/12/28/14:05:29,00:08:02.5,00:08:02.9,2,OK
C:\Users\timot\Music\EVGB-input-converted\0988_wav_channel2.wav,183,3,7,2,1,7,2,20,2022/12/28/14:05:29,00:08:05.4,00:08:06.0,2,OK
C:\Users\timot\Music\EVGB-input-converted\0988_wav_channel2.wav,184,3,7,2,1,7,2,20,2022/12/28/14:05:29,00:08:07.5,00:08:08.0,2,OK
C:\Users\timot\Music\EVGB-input-converted\0988_wav_channel2.wav,185,3,7,2,1,7,2,20,2022/12/28/14:05:29,00:08:10.0,00:08:10.6,2,OK
C:\Users\timot\Music\EVGB-input-converted\0988_wav_channel2.wav,186,3,10,2,2,10,4,20,2022/12/28/14:05:29,00:08:13.1,00:08:16.1,2,OK
C:\Users\timot\Music\EVGB-input-converted\0988_wav_channel2.wav,187,3,10,2,1,10,4,20,2022/12/28/14:05:29,00:08:16.4,00:08:17.3,2,OK
C:\Users\timot\Music\EVGB-input-converted\0988_wav_channel2.wav,188,3,7,2,1,7,4,20,2022/12/28/14:05:29,00:08:18.0,00:08:18.9,2,OK
C:\Users\timot\Music\EVGB-input-converted\0988_wav_channel2.wav,189,4,4,2,1,2,4,20,2022/12/28/14:05:29,00:08:20.6,00:08:21.5,2,OK
C:\Users\timot\Music\EVGB-input-converted\0988_wav_channel2.wav,190,3,10,2,1,10,4,20,2022/12/28/14:05:29,00:08:24.0,00:08:26.1,2,OK
C:\Users\timot\Music\EVGB-input-converted\0988_wav_channel2.wav,191,3,10,2,2,10,2,20,2022/12/28/14:05:29,00:08:27.4,00:08:27.9,2,OK
C:\Users\timot\Music\EVGB-input-converted\0988_wav_channel2.wav,192,3,7,2,1,7,2,20,2022/12/28/14:05:29,00:08:29.6,00:08:30.1,2,OK
C:\Users\timot\Music\EVGB-input-converted\0988_wav_channel2.wav,193,3,10,2,2,10,2,20,2022/12/28/14:05:29,00:08:31.5,00:08:34.4,2,OK
C:\Users\timot\Music\EVGB-input-converted\0988_wav_channel2.wav,194,3,7,2,3,7,1,20,2022/12/28/14:05:29,00:08:36.0,00:08:36.3,2,OK
C:\Users\timot\Music\EVGB-input-converted\0988_wav_channel2.wav,195,2,3,2,3,2,1,20,2022/12/28/14:05:29,00:08:40.7,00:08:43.2,2,OK
C:\Users\timot\Music\EVGB-input-converted\0988_wav_channel2.wav,196,3,7,2,3,7,1,20,2022/12/28/14:05:29,00:08:44.4,00:08:47.1,2,OK
C:\Users\timot\Music\EVGB-input-converted\0988_wav_channel2.wav,197,3,10,2,2,10,2,20,2022/12/28/14:05:29,00:08:48.8,00:08:49.5,2,OK
C:\Users\timot\Music\EVGB-input-converted\0988_wav_channel2.wav,198,1,4,4,1,2,4,17,2022/12/28/14:05:29,00:08:51.1,00:08:53.0,2,OK
C:\Users\timot\Music\EVGB-input-converted\0988_wav_channel2.wav,199,3,10,2,3,10,0,20,2022/12/28/14:05:29,00:08:54.2,00:08:54.7,2,OK
C:\Users\timot\Music\EVGB-input-converted\0988_wav_channel2.wav,200,3,7,2,2,7,2,20,2022/12/28/14:05:29,00:08:55.5,00:08:55.8,2,OK
C:\Users\timot\Music\EVGB-input-converted\0988_wav_channel2.wav,201,1,2,2,1,2,1,20,2022/12/28/14:05:29,00:08:58.4,00:08:59.7,2,OK
C:\Users\timot\Music\EVGB-input-converted\0988_wav_channel2.wav,202,3,7,2,3,7,1,20,2022/12/28/14:05:29,00:09:01.5,00:09:02.0,2,OK
C:\Users\timot\Music\EVGB-input-converted\0988_wav_channel2.wav,203,2,10,2,10,10,1,20,2022/12/28/14:05:29,00:09:04.6,00:09:07.5,2,OK
C:\Users\timot\Music\EVGB-input-converted\0988_wav_channel2.wav,204,3,10,2,3,10,0,20,2022/12/28/14:05:29,00:09:07.8,00:09:09.3,2,OK
C:\Users\timot\Music\EVGB-input-converted\0988_wav_channel2.wav,205,3,7,2,1,7,4,20,2022/12/28/14:05:29,00:09:10.1,00:09:10.4,2,OK
C:\Users\timot\Music\EVGB-input-converted\0988_wav_channel2.wav,206,3,10,2,7,10,1,20,2022/12/28/14:05:29,00:09:10.7,00:09:16.8,2,OK
C:\Users\timot\Music\EVGB-input-converted\0988_wav_channel2.wav,207,2,10,0,10,10,1,20,2022/12/28/14:05:29,00:09:19.6,00:09:20.9,2,OK
C:\Users\timot\Music\EVGB-input-converted\0988_wav_channel2.wav,208,3,10,2,2,10,2,20,2022/12/28/14:05:29,00:09:21.7,00:09:23.7,2,OK
C:\Users\timot\Music\EVGB-input-converted\0988_wav_channel2.wav,209,3,10,2,2,10,2,20,2022/12/28/14:05:29,00:09:24.1,00:09:28.0,2,OK
C:\Users\timot\Music\EVGB-input-converted\0988_wav_channel2.wav,210,3,10,1,2,10,9,20,2022/12/28/14:05:29,00:09:29.6,00:09:30.3,2,OK
C:\Users\timot\Music\EVGB-input-converted\0988_wav_channel2.wav,211,3,10,2,7,10,2,20,2022/12/28/14:05:29,00:09:33.6,00:09:36.0,2,OK
C:\Users\timot\Music\EVGB-input-converted\0988_wav_channel2.wav,212,2,10,2,10,7,0,20,2022/12/28/14:05:29,00:09:36.9,00:09:38.0,2,OK
C:\Users\timot\Music\EVGB-input-converted\0988_wav_channel2.wav,213,3,10,2,2,10,0,20,2022/12/28/14:05:29,00:09:39.2,00:09:40.3,2,OK
C:\Users\timot\Music\EVGB-input-converted\0988_wav_channel2.wav,214,2,10,2,10,10,0,20,2022/12/28/14:05:29,00:09:41.8,00:09:45.6,2,OK
C:\Users\timot\Music\EVGB-input-converted\0988_wav_channel2.wav,215,3,10,4,2,10,9,1,2022/12/28/14:05:29,00:09:46.7,00:09:47.4,2,OK
C:\Users\timot\Music\EVGB-input-converted\0988_wav_channel2.wav,216,3,10,2,3,10,1,20,2022/12/28/14:05:29,00:09:51.4,00:09:53.7,2,OK
C:\Users\timot\Music\EVGB-input-converted\0988_wav_channel2.wav,217,1,2,2,1,2,2,20,2022/12/28/14:05:29,00:09:55.2,00:09:57.3,2,OK
C:\Users\timot\Music\EVGB-input-converted\0988_wav_channel2.wav,218,3,7,2,1,7,3,7,2022/12/28/14:05:29,00:10:00.7,00:10:01.0,2,OK
C:\Users\timot\Music\EVGB-input-converted\0988_wav_channel2.wav,219,3,7,2,1,7,4,20,2022/12/28/14:05:29,00:10:01.4,00:10:03.5,2,OK
C:\Users\timot\Music\EVGB-input-converted\0988_wav_channel2.wav,220,3,10,4,1,10,4,20,2022/12/28/14:05:29,00:10:05.7,00:10:06.3,2,OK
C:\Users\timot\Music\EVGB-input-converted\0988_wav_channel2.wav,221,3,7,2,2,7,2,20,2022/12/28/14:05:29,00:10:08.1,00:10:08.5,2,OK
C:\Users\timot\Music\EVGB-input-converted\0988_wav_channel2.wav,222,3,7,2,3,7,0,20,2022/12/28/14:05:29,00:10:13.7,00:10:15.1,2,OK
C:\Users\timot\Music\EVGB-input-converted\0988_wav_channel2.wav,223,2,10,0,10,7,1,20,2022/12/28/14:05:29,00:10:16.5,00:10:17.6,2,OK
C:\Users\timot\Music\EVGB-input-converted\0988_wav_channel2.wav,224,3,7,4,2,7,2,20,2022/12/28/14:05:29,00:10:18.7,00:10:20.3,2,OK
C:\Users\timot\Music\EVGB-input-converted\0988_wav_channel2.wav,225,3,7,2,1,7,4,20,2022/12/28/14:05:29,00:10:23.1,00:10:24.7,2,OK
C:\Users\timot\Music\EVGB-input-converted\0988_wav_channel2.wav,226,3,7,2,2,7,4,20,2022/12/28/14:05:29,00:10:25.1,00:10:25.5,2,OK
C:\Users\timot\Music\EVGB-input-converted\0988_wav_channel2.wav,227,3,7,2,1,7,4,11,2022/12/28/14:05:29,00:10:25.8,00:10:27.0,2,OK
C:\Users\timot\Music\EVGB-input-converted\0988_wav_channel2.wav,228,3,10,2,2,10,0,20,2022/12/28/14:05:29,00:10:31.1,00:10:31.8,2,OK
C:\Users\timot\Music\EVGB-input-converted\0988_wav_channel2.wav,229,3,10,2,2,10,0,20,2022/12/28/14:05:29,00:10:33.3,00:10:34.7,2,OK
C:\Users\timot\Music\EVGB-input-converted\0988_wav_channel2.wav,230,2,10,2,10,10,1,20,2022/12/28/14:05:29,00:10:35.2,00:10:37.8,2,OK
C:\Users\timot\Music\EVGB-input-converted\0988_wav_channel2.wav,231,3,10,2,3,10,1,20,2022/12/28/14:05:29,00:10:39.6,00:10:41.9,2,OK
C:\Users\timot\Music\EVGB-input-converted\0988_wav_channel2.wav,232,3,10,2,1,10,4,20,2022/12/28/14:05:29,00:10:42.6,00:10:43.6,2,OK
C:\Users\timot\Music\EVGB-input-converted\0988_wav_channel2.wav,233,2,10,2,10,7,1,20,2022/12/28/14:05:29,00:10:44.8,00:10:46.6,2,OK
C:\Users\timot\Music\EVGB-input-converted\0988_wav_channel2.wav,234,3,7,2,2,7,2,20,2022/12/28/14:05:29,00:10:48.0,00:10:48.8,2,OK
C:\Users\timot\Music\EVGB-input-converted\0988_wav_channel2.wav,235,3,7,2,1,7,4,20,2022/12/28/14:05:29,00:10:50.5,00:10:52.1,2,OK
C:\Users\timot\Music\EVGB-input-converted\0988_wav_channel2.wav,236,2,10,2,10,7,1,20,2022/12/28/14:05:29,00:10:53.7,00:10:54.7,2,OK
C:\Users\timot\Music\EVGB-input-converted\0988_wav_channel2.wav,237,3,10,2,2,10,2,20,2022/12/28/14:05:29,00:10:55.5,00:10:57.5,2,OK
C:\Users\timot\Music\EVGB-input-converted\0988_wav_channel2.wav,238,3,7,4,1,7,4,20,2022/12/28/14:05:29,00:10:57.9,00:10:58.2,2,OK
C:\Users\timot\Music\EVGB-input-converted\0988_wav_channel2.wav,239,3,7,4,1,7,4,20,2022/12/28/14:05:29,00:10:58.6,00:10:59.0,2,OK
C:\Users\timot\Music\EVGB-input-converted\0988_wav_channel2.wav,240,3,10,2,2,10,0,20,2022/12/28/14:05:29,00:10:59.7,00:11:00.2,2,OK
C:\Users\timot\Music\EVGB-input-converted\0988_wav_channel2.wav,241,3,7,1,2,7,3,19,2022/12/28/14:05:29,00:11:00.6,00:11:01.0,2,OK
C:\Users\timot\Music\EVGB-input-converted\0988_wav_channel2.wav,242,1,2,2,1,2,2,20,2022/12/28/14:05:29,00:11:02.2,00:11:03.1,2,OK
C:\Users\timot\Music\EVGB-input-converted\0988_wav_channel2.wav,243,3,10,2,7,10,2,20,2022/12/28/14:05:29,00:11:03.6,00:11:08.7,2,OK
C:\Users\timot\Music\EVGB-input-converted\0988_wav_channel2.wav,244,3,7,2,2,7,4,20,2022/12/28/14:05:29,00:11:09.3,00:11:13.1,2,OK
C:\Users\timot\Music\EVGB-input-converted\0988_wav_channel2.wav,245,3,10,2,2,10,2,20,2022/12/28/14:05:29,00:11:14.3,00:11:16.9,2,OK
C:\Users\timot\Music\EVGB-input-converted\0988_wav_channel2.wav,246,2,10,0,10,7,1,20,2022/12/28/14:05:29,00:11:20.1,00:11:20.8,2,OK
C:\Users\timot\Music\EVGB-input-converted\0988_wav_channel2.wav,247,3,7,4,2,7,4,20,2022/12/28/14:05:29,00:11:21.9,00:11:22.6,2,OK
C:\Users\timot\Music\EVGB-input-converted\0988_wav_channel2.wav,248,2,10,0,10,10,1,20,2022/12/28/14:05:29,00:11:24.5,00:11:25.1,2,OK
C:\Users\timot\Music\EVGB-input-converted\0988_wav_channel2.wav,249,3,10,2,3,10,0,20,2022/12/28/14:05:29,00:11:26.0,00:11:26.8,2,OK
C:\Users\timot\Music\EVGB-input-converted\0988_wav_channel2.wav,250,3,7,2,2,7,4,20,2022/12/28/14:05:29,00:11:27.3,00:11:27.9,2,OK
C:\Users\timot\Music\EVGB-input-converted\0988_wav_channel2.wav,251,2,7,2,7,7,0,20,2022/12/28/14:05:29,00:11:28.7,00:11:32.0,2,OK
C:\Users\timot\Music\EVGB-input-converted\0988_wav_channel2.wav,252,2,10,2,10,10,0,20,2022/12/28/14:05:29,00:11:32.4,00:11:34.5,2,OK
C:\Users\timot\Music\EVGB-input-converted\0988_wav_channel2.wav,253,3,7,2,3,7,1,20,2022/12/28/14:05:29,00:11:37.7,00:11:38.2,2,OK
C:\Users\timot\Music\EVGB-input-converted\0988_wav_channel2.wav,254,3,7,2,1,7,4,20,2022/12/28/14:05:29,00:11:40.8,00:11:41.1,2,OK
C:\Users\timot\Music\EVGB-input-converted\0988_wav_channel2.wav,255,3,10,2,1,10,4,20,2022/12/28/14:05:29,00:11:41.4,00:11:42.3,2,OK
C:\Users\timot\Music\EVGB-input-converted\0988_wav_channel2.wav,256,3,7,2,1,7,4,19,2022/12/28/14:05:29,00:11:42.7,00:11:43.0,2,OK
C:\Users\timot\Music\EVGB-input-converted\0988_wav_channel2.wav,257,3,10,2,1,10,4,15,2022/12/28/14:05:29,00:11:43.8,00:11:45.5,2,OK
C:\Users\timot\Music\EVGB-input-converted\0988_wav_channel2.wav,258,2,10,2,10,10,1,20,2022/12/28/14:05:29,00:11:47.3,00:11:47.8,2,OK
C:\Users\timot\Music\EVGB-input-converted\0988_wav_channel2.wav,259,2,7,2,7,2,1,20,2022/12/28/14:05:29,00:11:48.9,00:11:52.9,2,OK
C:\Users\timot\Music\EVGB-input-converted\0988_wav_channel2.wav,260,4,4,2,2,2,4,20,2022/12/28/14:05:29,00:11:54.1,00:11:56.6,2,OK
C:\Users\timot\Music\EVGB-input-converted\0988_wav_channel2.wav,261,3,10,2,1,10,2,20,2022/12/28/14:05:29,00:11:56.9,00:11:57.7,2,OK
C:\Users\timot\Music\EVGB-input-converted\0988_wav_channel2.wav,262,3,7,2,1,7,4,12,2022/12/28/14:05:29,00:11:59.9,00:12:00.2,2,OK
C:\Users\timot\Music\EVGB-input-converted\0988_wav_channel2.wav,263,3,10,2,3,10,0,20,2022/12/28/14:05:29,00:12:03.1,00:12:03.9,2,OK
C:\Users\timot\Music\EVGB-input-converted\0988_wav_channel2.wav,264,3,10,4,1,10,4,20,2022/12/28/14:05:29,00:12:05.6,00:12:06.1,2,OK
C:\Users\timot\Music\EVGB-input-converted\0988_wav_channel2.wav,265,3,10,2,1,10,1,20,2022/12/28/14:05:29,00:12:07.9,00:12:08.4,2,OK
C:\Users\timot\Music\EVGB-input-converted\0988_wav_channel2.wav,266,3,10,2,1,10,4,20,2022/12/28/14:05:29,00:12:13.0,00:12:15.1,2,OK
C:\Users\timot\Music\EVGB-input-converted\0988_wav_channel2.wav,267,3,7,2,2,7,4,20,2022/12/28/14:05:29,00:12:18.4,00:12:21.6,2,OK
C:\Users\timot\Music\EVGB-input-converted\0988_wav_channel2.wav,268,3,10,1,2,10,9,20,2022/12/28/14:05:29,00:12:23.2,00:12:23.7,2,OK
C:\Users\timot\Music\EVGB-input-converted\0988_wav_channel2.wav,269,3,10,2,2,10,2,20,2022/12/28/14:05:29,00:12:25.4,00:12:26.1,2,OK
C:\Users\timot\Music\EVGB-input-converted\0988_wav_channel2.wav,270,3,7,2,1,7,4,20,2022/12/28/14:05:29,00:12:27.4,00:12:28.3,2,OK
C:\Users\timot\Music\EVGB-input-converted\0988_wav_channel2.wav,271,3,7,4,1,7,4,15,2022/12/28/14:05:29,00:12:31.7,00:12:32.7,2,OK
C:\Users\timot\Music\EVGB-input-converted\0988_wav_channel2.wav,272,3,10,2,1,10,4,10,2022/12/28/14:05:29,00:12:34.5,00:12:35.1,2,OK
C:\Users\timot\Music\EVGB-input-converted\0988_wav_channel2.wav,273,3,10,2,1,10,2,20,2022/12/28/14:05:29,00:12:36.0,00:12:36.9,2,OK
C:\Users\timot\Music\EVGB-input-converted\0988_wav_channel2.wav,274,1,10,10,2,10,9,20,2022/12/28/14:05:29,00:12:38.4,00:12:39.0,2,OK
C:\Users\timot\Music\EVGB-input-converted\0988_wav_channel2.wav,275,3,7,2,1,7,4,20,2022/12/28/14:05:29,00:12:40.1,00:12:40.6,2,OK
C:\Users\timot\Music\EVGB-input-converted\0988_wav_channel2.wav,276,3,7,2,2,7,3,20,2022/12/28/14:05:29,00:12:43.3,00:12:44.4,2,OK
C:\Users\timot\Music\EVGB-input-converted\0988_wav_channel2.wav,277,3,7,2,1,7,4,18,2022/12/28/14:05:29,00:12:46.1,00:12:47.4,2,OK
C:\Users\timot\Music\EVGB-input-converted\0988_wav_channel2.wav,278,3,7,2,1,7,4,20,2022/12/28/14:05:29,00:12:47.9,00:12:48.4,2,OK
C:\Users\timot\Music\EVGB-input-converted\0988_wav_channel2.wav,279,3,7,2,1,7,4,20,2022/12/28/14:05:29,00:12:49.3,00:12:50.8,2,OK
C:\Users\timot\Music\EVGB-input-converted\0988_wav_channel2.wav,280,3,7,2,1,7,3,9,2022/12/28/14:05:29,00:12:51.4,00:12:51.8,2,OK
C:\Users\timot\Music\EVGB-input-converted\0988_wav_channel2.wav,281,3,7,4,1,7,4,17,2022/12/28/14:05:29,00:12:53.1,00:12:54.0,2,OK
C:\Users\timot\Music\EVGB-input-converted\0988_wav_channel2.wav,282,3,7,2,3,7,0,20,2022/12/28/14:05:29,00:12:56.3,00:12:57.3,2,OK
C:\Users\timot\Music\EVGB-input-converted\0988_wav_channel2.wav,283,3,10,2,2,10,4,20,2022/12/28/14:05:29,00:12:59.1,00:13:02.4,2,OK
C:\Users\timot\Music\EVGB-input-converted\0988_wav_channel2.wav,284,3,7,2,2,7,2,20,2022/12/28/14:05:29,00:13:03.9,00:13:04.6,2,OK
C:\Users\timot\Music\EVGB-input-converted\0988_wav_channel2.wav,285,1,9,9,2,7,4,20,2022/12/28/14:05:29,00:13:07.2,00:13:08.9,2,OK
C:\Users\timot\Music\EVGB-input-converted\0988_wav_channel2.wav,286,4,4,2,1,2,4,20,2022/12/28/14:05:29,00:13:11.8,00:13:12.6,2,OK
C:\Users\timot\Music\EVGB-input-converted\0988_wav_channel2.wav,287,3,7,2,2,7,2,19,2022/12/28/14:05:29,00:13:12.9,00:13:13.4,2,OK
C:\Users\timot\Music\EVGB-input-converted\0988_wav_channel2.wav,288,3,7,2,1,7,4,8,2022/12/28/14:05:29,00:13:14.6,00:13:15.6,2,OK
C:\Users\timot\Music\EVGB-input-converted\0988_wav_channel2.wav,289,3,7,2,1,7,2,20,2022/12/28/14:05:29,00:13:16.8,00:13:17.6,2,OK
C:\Users\timot\Music\EVGB-input-converted\0988_wav_channel2.wav,290,3,10,2,2,10,2,20,2022/12/28/14:05:29,00:13:19.0,00:13:21.3,2,OK
C:\Users\timot\Music\EVGB-input-converted\0988_wav_channel2.wav,291,3,7,4,1,7,4,-9,2022/12/28/14:05:29,00:13:22.2,00:13:22.6,2,OK
C:\Users\timot\Music\EVGB-input-converted\0988_wav_channel2.wav,292,3,7,4,2,7,4,20,2022/12/28/14:05:29,00:13:23.9,00:13:26.6,2,OK
C:\Users\timot\Music\EVGB-input-converted\0988_wav_channel2.wav,293,3,7,2,1,7,4,20,2022/12/28/14:05:29,00:13:28.0,00:13:28.8,2,OK
C:\Users\timot\Music\EVGB-input-converted\0988_wav_channel2.wav,294,3,7,2,1,7,4,20,2022/12/28/14:05:29,00:13:31.7,00:13:32.5,2,OK
C:\Users\timot\Music\EVGB-input-converted\0988_wav_channel2.wav,295,3,7,4,1,7,4,20,2022/12/28/14:05:29,00:13:36.1,00:13:36.5,2,OK
C:\Users\timot\Music\EVGB-input-converted\0988_wav_channel2.wav,296,3,7,2,1,7,4,20,2022/12/28/14:05:29,00:13:37.9,00:13:39.0,2,OK
C:\Users\timot\Music\EVGB-input-converted\0988_wav_channel2.wav,297,3,10,2,2,10,2,20,2022/12/28/14:05:29,00:13:41.6,00:13:42.3,2,OK
C:\Users\timot\Music\EVGB-input-converted\0988_wav_channel2.wav,298,3,7,2,1,7,4,17,2022/12/28/14:05:29,00:13:43.5,00:13:43.8,2,OK
C:\Users\timot\Music\EVGB-input-converted\0988_wav_channel2.wav,299,4,4,2,1,2,4,0,2022/12/28/14:05:29,00:13:44.1,00:13:44.5,2,OK
C:\Users\timot\Music\EVGB-input-converted\0988_wav_channel2.wav,300,3,7,2,1,7,1,20,2022/12/28/14:05:29,00:13:46.1,00:13:48.2,2,OK
C:\Users\timot\Music\EVGB-input-converted\0988_wav_channel2.wav,301,3,10,2,1,10,9,17,2022/12/28/14:05:29,00:13:48.8,00:13:49.3,2,OK
C:\Users\timot\Music\EVGB-input-converted\0988_wav_channel2.wav,302,3,7,2,2,7,2,20,2022/12/28/14:05:29,00:13:52.0,00:13:52.5,2,OK
C:\Users\timot\Music\EVGB-input-converted\0988_wav_channel2.wav,303,3,10,2,1,10,2,20,2022/12/28/14:05:29,00:13:54.2,00:13:55.2,2,OK
C:\Users\timot\Music\EVGB-input-converted\0988_wav_channel2.wav,304,3,10,2,1,10,9,15,2022/12/28/14:05:29,00:13:56.6,00:13:57.1,2,OK
C:\Users\timot\Music\EVGB-input-converted\0988_wav_channel2.wav,305,3,10,2,1,10,4,3,2022/12/28/14:05:29,00:13:57.4,00:13:58.0,2,OK
C:\Users\timot\Music\EVGB-input-converted\0988_wav_channel2.wav,306,3,10,2,1,10,4,20,2022/12/28/14:05:29,00:13:58.8,00:14:00.3,2,OK
C:\Users\timot\Music\EVGB-input-converted\0988_wav_channel2.wav,307,3,7,4,2,7,4,20,2022/12/28/14:05:29,00:14:00.7,00:14:01.3,2,OK
C:\Users\timot\Music\EVGB-input-converted\0988_wav_channel2.wav,308,3,7,2,2,7,4,20,2022/12/28/14:05:29,00:14:03.0,00:14:04.8,2,OK
C:\Users\timot\Music\EVGB-input-converted\0988_wav_channel2.wav,309,3,7,2,3,7,0,20,2022/12/28/14:05:29,00:14:05.2,00:14:07.4,2,OK
C:\Users\timot\Music\EVGB-input-converted\0988_wav_channel2.wav,310,3,10,2,2,10,4,20,2022/12/28/14:05:29,00:14:07.8,00:14:10.6,2,OK
C:\Users\timot\Music\EVGB-input-converted\0988_wav_channel2.wav,311,3,10,2,1,10,2,20,2022/12/28/14:05:29,00:14:12.5,00:14:13.2,2,OK
C:\Users\timot\Music\EVGB-input-converted\0988_wav_channel2.wav,312,3,7,2,1,7,4,20,2022/12/28/14:05:29,00:14:15.1,00:14:15.6,2,OK
C:\Users\timot\Music\EVGB-input-converted\0988_wav_channel2.wav,313,3,7,2,1,7,4,20,2022/12/28/14:05:29,00:14:18.4,00:14:18.8,2,OK
C:\Users\timot\Music\EVGB-input-converted\0988_wav_channel2.wav,314,3,7,2,1,7,4,9,2022/12/28/14:05:29,00:14:21.9,00:14:22.3,2,OK
C:\Users\timot\Music\EVGB-input-converted\0988_wav_channel2.wav,315,3,7,2,1,7,4,-3,2022/12/28/14:05:29,00:14:33.7,00:14:34.4,2,OK
C:\Users\timot\Music\EVGB-input-converted\0988_wav_channel2.wav,316,4,10,1,1,2,10,5,2022/12/28/14:05:29,00:14:37.5,00:14:39.2,2,OK
C:\Users\timot\Music\EVGB-input-converted\0988_wav_channel2.wav,317,3,10,2,1,10,4,12,2022/12/28/14:05:29,00:14:41.8,00:14:43.4,2,OK
C:\Users\timot\Music\EVGB-input-converted\0988_wav_channel2.wav,318,3,7,2,2,7,4,13,2022/12/28/14:05:29,00:14:43.8,00:14:46.9,2,OK
C:\Users\timot\Music\EVGB-input-converted\0988_wav_channel2.wav,319,3,10,2,1,10,2,20,2022/12/28/14:05:29,00:14:48.4,00:14:50.5,2,OK
C:\Users\timot\Music\EVGB-input-converted\0988_wav_channel2.wav,320,2,10,2,10,10,0,20,2022/12/28/14:05:29,00:14:52.2,00:14:55.3,2,OK
C:\Users\timot\Music\EVGB-input-converted\0988_wav_channel2.wav,321,3,7,2,2,7,2,20,2022/12/28/14:05:29,00:14:55.6,00:14:59.7,2,OK
